unique_fov,Marker,r,Theoretical G,Observed G,Permuted G,Degree of Clustering Permutation,Degree of Clustering Theoretical,Run
Lung9_Rep1_F01,a,0,0,0,0,0,0,1
Lung9_Rep1_F01,a,10,0.0023426061775734253,0,0,0,-0.0023426061775734253,1
Lung9_Rep1_F01,a,20,0.009337549281009827,0,0,0,-0.009337549281009827,1
Lung9_Rep1_F01,a,30,0.020886970763185908,0,0.0014473396940293637,-0.0014473396940293637,-0.020886970763185908,1
Lung9_Rep1_F01,a,40,0.03683030711973134,0.05755395683453238,0.015222159942190913,0.04233179689234146,0.020723649714801035,1
Lung9_Rep1_F01,a,50,0.05694800433490832,0.26811594202898553,0.03559621359015435,0.23251972843883117,0.2111679376940772,1
Lung9_Rep1_F01,a,60,0.08096654850209828,0.4253731343283582,0.07138240633001253,0.3539907279983457,0.34440658582625994,1
Lung9_Rep1_F01,a,70,0.10856465151782613,0.5037593984962406,0.09841006447031826,0.4053493340259224,0.3951947469784145,1
Lung9_Rep1_F01,a,80,0.13938039637982802,0.6466165413533834,0.13370383235375718,0.5129127089996263,0.5072361449735554,1
Lung9_Rep1_F01,a,90,0.17301912017739662,0.706766917293233,0.17242470397042386,0.5343422133228092,0.5337477971158364,1
Lung9_Rep1_F01,a,100,0.20906179525819735,0.803030303030303,0.21445284833743652,0.5885774546928665,0.5939685077721056,1
Lung9_Rep1_F01,a,110,0.24707366077297543,0.8320610687022901,0.2509161232078972,0.5811449454943929,0.5849874079293147,1
Lung9_Rep1_F01,a,120,0.286612857879477,0.8538461538461538,0.29661465601224474,0.557231497833909,0.5672332959666768,1
Lung9_Rep1_F01,a,130,0.32723883194142434,0.875,0.3359146259145638,0.5390853740854362,0.5477611680585757,1
Lung9_Rep1_F01,a,140,0.3685202833052186,0.890625,0.3823918557096595,0.5082331442903405,0.5221047166947814,1
Lung9_Rep1_F01,a,150,0.4100424735550373,0.890625,0.4227696007748951,0.4678553992251049,0.4805825264449627,1
Lung9_Rep1_F01,a,160,0.4514137251476392,0.9133858267716536,0.4601637963085855,0.4532220304630681,0.46197210162401436,1
Lung9_Rep1_F01,a,170,0.4922709874381991,0.9112903225806451,0.4986475068407216,0.4126428157399235,0.41901933514244605,1
Lung9_Rep1_F01,a,180,0.5322843796581462,0.9193548387096774,0.5353002852340359,0.38405455347564144,0.38707045905153115,1
Lung9_Rep1_F01,a,190,0.5711606597175978,0.9256198347107438,0.5773395659870766,0.34828026872366724,0.35445917499314605,1
Lung9_Rep1_F01,a,200,0.6086456051765305,0.9243697478991597,0.6130380895103805,0.3113316583887792,0.31572414272262916,1
Lung9_Rep1_F01,b,0,0,0,0,0,0,1
Lung9_Rep1_F01,b,10,0.006218575269031357,0,0,0,-0.006218575269031357,1
Lung9_Rep1_F01,b,20,0.024643237416541397,0,0,0,-0.024643237416541397,1
Lung9_Rep1_F01,b,30,0.05459504577154295,0.05352112676056338,0.005754199310351882,0.047766927450211494,-0.001073919010979571,1
Lung9_Rep1_F01,b,40,0.09498870824669714,0.18840579710144928,0.036919891438900725,0.15148590566254855,0.09341708885475214,1
Lung9_Rep1_F01,b,50,0.144397841143732,0.48104956268221577,0.09893856004374563,0.38211100263847014,0.3366517215384838,1
Lung9_Rep1_F01,b,60,0.20113849298754016,0.727810650887574,0.17709217874197428,0.5507184721455998,0.5266721579000339,1
Lung9_Rep1_F01,b,70,0.26336412009543786,0.8825301204819277,0.24690588470498673,0.6356242357769409,0.6191660003864898,1
Lung9_Rep1_F01,b,80,0.3291645701621617,0.9351851851851852,0.31257259390133535,0.6226125912838498,0.6060206150230235,1
Lung9_Rep1_F01,b,90,0.39666174294900214,0.95625,0.38512512892441947,0.5711248710755805,0.5595882570509979,1
Lung9_Rep1_F01,b,100,0.46409539756239326,0.9807692307692307,0.4543187758456231,0.5264504549236076,0.5166738332068375,1
Lung9_Rep1_F01,b,110,0.529893929712317,0.987012987012987,0.5221154102953113,0.46489757671767573,0.45711905730067004,1
Lung9_Rep1_F01,b,120,0.5927266610804407,0.9900990099009901,0.5897614140572759,0.4003375958437142,0.3973723488205494,1
Lung9_Rep1_F01,b,130,0.6515360519758244,0.99,0.6497591813552425,0.3402408186447575,0.33846394802417556,1
Lung9_Rep1_F01,b,140,0.7055500572394555,0.9897959183673469,0.7070036834732896,0.28279223489405736,0.2842458611278914,1
Lung9_Rep1_F01,b,150,0.7542764135529327,0.9897260273972602,0.7529325210505357,0.23679350634672458,0.2354496138443275,1
Lung9_Rep1_F01,b,160,0.7974818430598671,0.9930313588850174,0.7939099737087678,0.19912138517624955,0.19554951582515023,1
Lung9_Rep1_F01,b,170,0.8351599122644864,0.9928825622775801,0.8298239219221683,0.16305864035541184,0.1577226500130937,1
Lung9_Rep1_F01,b,180,0.8674915855464823,0.9927797833935018,0.8655474458952841,0.12723233749821772,0.1252881978470195,1
Lung9_Rep1_F01,b,190,0.8948024010434313,0.992619926199262,0.8909045965662924,0.10171532963296959,0.09781752515583064,1
Lung9_Rep1_F01,b,200,0.9175197540311568,0.9925093632958801,0.9137357699596982,0.07877359333618195,0.07498960926472331,1
Lung9_Rep1_F01,c,0,0,0,0,0,0,1
Lung9_Rep1_F01,c,10,0.0035443099770789965,0,0,0,-0.0035443099770789965,1
Lung9_Rep1_F01,c,20,0.014102045047603373,0,0,0,-0.014102045047603373,1
Lung9_Rep1_F01,c,30,0.031450273208525226,0.05555555555555555,0.0035030419705492175,0.05205251358500634,0.024105282347030327,1
Lung9_Rep1_F01,c,40,0.055226152358532454,0.26851851851851855,0.022380562772235556,0.246137955746283,0.2132923661599861,1
Lung9_Rep1_F01,c,50,0.08493954798712622,0.5581395348837209,0.06201389980587565,0.4961256350778453,0.4731999868965947,1
Lung9_Rep1_F01,c,60,0.11998982870430752,0.7441860465116279,0.11195889601075432,0.6322271505008736,0.6241962178073204,1
Lung9_Rep1_F01,c,70,0.15968603599549513,0.8130841121495327,0.15458931767561282,0.6584947944739199,0.6533980761540376,1
Lung9_Rep1_F01,c,80,0.2032694830804489,0.8504672897196262,0.20600619100418374,0.6444610987154424,0.6471978066391773,1
Lung9_Rep1_F01,c,90,0.24993775299851162,0.8644859813084113,0.25004147743545224,0.614444503872959,0.6145482283098996,1
Lung9_Rep1_F01,c,100,0.2988690413291203,0.883177570093458,0.30065195205657164,0.5825256180368863,0.5843085287643377,1
Lung9_Rep1_F01,c,110,0.34924582332400433,0.883177570093458,0.3492628320470366,0.5339147380464213,0.5339317467694537,1
Lung9_Rep1_F01,c,120,0.40027691370642926,0.9061032863849765,0.3982928819903281,0.5078104043946484,0.5058263726785472,1
Lung9_Rep1_F01,c,130,0.45121712157364946,0.9107981220657277,0.4519100194812557,0.45888810258447205,0.4595810004920783,1
Lung9_Rep1_F01,c,140,0.5013838716903691,0.9198113207547169,0.5015034991844148,0.4183078215703021,0.4184274490643478,1
Lung9_Rep1_F01,c,150,0.5501703543159768,0.9292452830188679,0.5496445522870438,0.3796007307318241,0.37907492870289106,1
Lung9_Rep1_F01,c,160,0.5970549653166296,0.9339622641509434,0.5970187662479143,0.33694349790302913,0.3369072988343138,1
Lung9_Rep1_F01,c,170,0.6416069938684297,0.933649289099526,0.6477058780162126,0.28594341108331345,0.29204229523109637,1
Lung9_Rep1_F01,c,180,0.6834886951071888,0.943127962085308,0.6897600578190751,0.2533679042662329,0.25963926697811923,1
Lung9_Rep1_F01,c,190,0.722454040249253,0.9476190476190476,0.7299981618276324,0.21762088579141514,0.2251650073697946,1
Lung9_Rep1_F01,c,200,0.7583445601930192,0.9523809523809523,0.766800063294855,0.18558088908609738,0.19403639218793312,1
Lung9_Rep1_F01,d,0,0,0,0,0,0,1
Lung9_Rep1_F01,d,10,0.0022613577259242845,0,0,0,-0.0022613577259242845,1
Lung9_Rep1_F01,d,20,0.009014794700929918,0,0,0,-0.009014794700929918,1
Lung9_Rep1_F01,d,30,0.020169093025675933,0.015384615384615385,0.0020833882756365663,0.01330122710897882,-0.004784477641060547,1
Lung9_Rep1_F01,d,40,0.03557450346257407,0.14285714285714285,0.01376979427642416,0.12908734858071869,0.10728263939456878,1
Lung9_Rep1_F01,d,50,0.055026091018571144,0.3064516129032258,0.04104818246464307,0.2654034304385827,0.25142552188465467,1
Lung9_Rep1_F01,d,60,0.07826827126989788,0.4344262295081967,0.0668930901450397,0.367533139363157,0.3561579582382988,1
Lung9_Rep1_F01,d,70,0.10500039707759046,0.5630252100840336,0.09970745949168162,0.463317750592352,0.45802481300644315,1
Lung9_Rep1_F01,d,80,0.13488322504789152,0.6302521008403361,0.1324185105260923,0.4978335903142438,0.4953688757924446,1
Lung9_Rep1_F01,d,90,0.16754606748597678,0.6551724137931034,0.1686934548060398,0.4864789589870636,0.48762634630712665,1
Lung9_Rep1_F01,d,100,0.20259441946998236,0.6956521739130435,0.20697153504651256,0.4886806388665309,0.4930577544430611,1
Lung9_Rep1_F01,d,110,0.23961784247863838,0.7456140350877193,0.24216585492614018,0.5034481801615791,0.5059961926090809,1
Lung9_Rep1_F01,d,120,0.2781978858197781,0.7837837837837838,0.28627465607845737,0.4975091277053264,0.5055858979640057,1
Lung9_Rep1_F01,d,130,0.3179158346520561,0.8090909090909091,0.3230186500725222,0.4860722590183869,0.491175074438853,1
Lung9_Rep1_F01,d,140,0.3583600880615374,0.8055555555555556,0.3614948884623963,0.4440606670931593,0.4471954674940182,1
Lung9_Rep1_F01,d,150,0.39913299155373827,0.8207547169811321,0.4037678460734617,0.4169868709076704,0.42162172542739385,1
Lung9_Rep1_F01,d,160,0.43985697432361204,0.8571428571428571,0.440812818734313,0.4163300384085441,0.41728588281924506,1
Lung9_Rep1_F01,d,170,0.4801798714778487,0.8932038834951457,0.4827595075736175,0.41044437592152816,0.413024012017297,1
Lung9_Rep1_F01,d,180,0.5197793436171138,0.92,0.5195490044241743,0.40045099557582575,0.4002206563828863,1
Lung9_Rep1_F01,d,190,0.5583663394284528,0.9191919191919192,0.5602529902763304,0.3589389289155889,0.3608255797634664,1
Lung9_Rep1_F01,d,200,0.5956875798234769,0.9278350515463918,0.5948752942567838,0.332959757289608,0.3321474717229149,1
Lung9_Rep1_F01,e,0,0,0,0,0,0,1
Lung9_Rep1_F01,e,10,0.00521454261147114,0,0,0,-0.00521454261147114,1
Lung9_Rep1_F01,e,20,0.020695588142623955,0,1.2779552715654952e-4,-1.2779552715654952e-4,-0.020695588142623955,1
Lung9_Rep1_F01,e,30,0.0459638089026958,0.019543973941368076,0.0043846578008668894,0.015159316140501186,-0.026419834961327725,1
Lung9_Rep1_F01,e,40,0.08024778120347265,0.14802631578947367,0.0308788376066433,0.11714747818283038,0.06777853458600103,1
Lung9_Rep1_F01,e,50,0.12252309642606674,0.3488372093023256,0.08823339943950213,0.26060380986282344,0.22631411287625885,1
Lung9_Rep1_F01,e,60,0.17156316761436297,0.5236486486486487,0.1537240621748355,0.3699245864738132,0.3520854810342857,1
Lung9_Rep1_F01,e,70,0.2259982184229139,0.5932203389830508,0.21518698805737768,0.37803335092567314,0.3672221205601369,1
Lung9_Rep1_F01,e,80,0.28437850526402453,0.6552901023890785,0.2799430416129859,0.3753470607760926,0.37091159712505395,1
Lung9_Rep1_F01,e,90,0.3452377254438983,0.6920415224913494,0.34271835012696966,0.34932317236437976,0.3468037970474511,1
Lung9_Rep1_F01,e,100,0.40715279571385365,0.7491289198606271,0.40328686753952575,0.3458420523211014,0.3419761241467735,1
Lung9_Rep1_F01,e,110,0.46879670630419557,0.7719298245614035,0.4691270311529333,0.30280279340847016,0.3031331182572079,1
Lung9_Rep1_F01,e,120,0.5289818984239929,0.8056537102473498,0.532915686397718,0.27273802384963175,0.2766718118233569,1
Lung9_Rep1_F01,e,130,0.5866924947018131,0.8226950354609929,0.5909032652406003,0.23179177022039255,0.2360025407591798,1
Lung9_Rep1_F01,e,140,0.6411046418515607,0.8428571428571429,0.6456988720047704,0.19715827085237247,0.20175250100558217,1
Lung9_Rep1_F01,e,150,0.6915951164549967,0.8637992831541219,0.6994949478974324,0.16430433525668953,0.1722041666991252,1
Lung9_Rep1_F01,e,160,0.7377391242781473,0.8808664259927798,0.7454833194586014,0.1353831065341784,0.1431273017146325,1
Lung9_Rep1_F01,e,170,0.7792988362536503,0.8905109489051095,0.7879717898782457,0.10253915902686384,0.11121211265145925,1
Lung9_Rep1_F01,e,180,0.8162046181517107,0.9037037037037037,0.82330430714823,0.08039939655547368,0.08749908555199293,1
Lung9_Rep1_F01,e,190,0.8485311172466832,0.9067164179104478,0.8506750704088286,0.056041347501619154,0.058185300663764594,1
Lung9_Rep1_F01,e,200,0.8764703801998318,0.9138576779026217,0.8791269359838234,0.034730741918798325,0.03738729770278992,1
Lung9_Rep1_F01,f,0,0,0,0,0,0,1
Lung9_Rep1_F01,f,10,0.02015313421028564,0,0,0,-0.02015313421028564,1
Lung9_Rep1_F01,f,20,0.07820821965988722,0.003246753246753247,4.2345604636003805e-4,0.0028232972003932088,-0.07496146641313398,1
Lung9_Rep1_F01,f,30,0.1674240335751528,0.04101722723543889,0.019621038102580368,0.02139618913285852,-0.1264068063397139,1
Lung9_Rep1_F01,f,40,0.27800976333736327,0.207953603976802,0.11186114437701102,0.09609245959979097,-0.07005615936056128,1
Lung9_Rep1_F01,f,50,0.398888280961301,0.4845188284518828,0.2905860294474179,0.19393279900446492,0.0856305474905818,1
Lung9_Rep1_F01,f,60,0.5194976891487209,0.683277027027027,0.4753405132935461,0.20793651373348088,0.16377933787830612,1
Lung9_Rep1_F01,f,70,0.6312328881366182,0.8163265306122449,0.6201419864491844,0.19618454416306053,0.18509364247562676,1
Lung9_Rep1_F01,f,80,0.7282776894397094,0.876385336743393,0.7267650884249853,0.1496202483184077,0.14810764730368364,1
Lung9_Rep1_F01,f,90,0.8077728037985669,0.9165950128976784,0.8084760849250333,0.1081189279726451,0.10882220909911156,1
Lung9_Rep1_F01,f,100,0.8694368018659314,0.9396031061259706,0.8682139716068058,0.07138913451916484,0.07016630426003923,1
Lung9_Rep1_F01,f,110,0.9148581380877552,0.9582971329278888,0.9149232951591254,0.04337383776876336,0.04343899484013358,1
Lung9_Rep1_F01,f,120,0.9466932847080317,0.9675153643546971,0.9477758476640166,0.019739516690680525,0.02082207964666538,1
Lung9_Rep1_F01,f,130,0.9679567087345384,0.9795191451469278,0.9679220132771252,0.011597131869802602,0.01156243641238941,1
Lung9_Rep1_F01,f,140,0.9815069421635477,0.9856244384546271,0.9815620634388059,0.004062375015821185,0.004117496291079381,1
Lung9_Rep1_F01,f,150,0.9897529995807169,0.9909747292418772,0.9897970302402208,0.0011776990016564293,0.001221729661160298,1
Lung9_Rep1_F01,f,160,0.9945486860353736,0.991810737033667,0.9942201565913974,-0.002409419557730441,-0.002737949001706652,1
Lung9_Rep1_F01,f,170,0.9972156613697601,0.9926739926739927,0.9969194469654373,-0.004245454291444628,-0.004541668695767442,1
Lung9_Rep1_F01,f,180,0.9986346018008186,0.992633517495396,0.9986707518631651,-0.006037234367769151,-0.006001084305422677,1
Lung9_Rep1_F01,f,190,0.9993571450176917,0.9972222222222222,0.9993287016066638,-0.0021064793844415286,-0.0021349227954694516,1
Lung9_Rep1_F01,f,200,0.9997094083585205,0.9972014925373134,0.9996701305002201,-0.00246863796290675,-0.0025079158212071295,1
Lung9_Rep1_F01,g,0,0,0,0,0,0,1
Lung9_Rep1_F01,g,10,0.010933637120095652,0,0,0,-0.010933637120095652,1
Lung9_Rep1_F01,g,20,0.04302249588673224,0.0029985007496251873,4.8312215783828313e-4,0.002515378591786904,-0.04002399513710705,1
Lung9_Rep1_F01,g,30,0.09420714647847195,0.04072398190045249,0.010912254637440708,0.029811727263011782,-0.05348316457801946,1
Lung9_Rep1_F01,g,40,0.16129947407195733,0.197869101978691,0.06393959703144503,0.13392950494724598,0.03656962790673368,1
Lung9_Rep1_F01,g,50,0.24031105736963188,0.44104134762633995,0.16770996577193706,0.27333138185440287,0.20073029025670808,1
Lung9_Rep1_F01,g,60,0.3268442504368049,0.6578947368421053,0.2845688765547582,0.3733258602873471,0.33105048640530044,1
Lung9_Rep1_F01,g,70,0.41649285506545575,0.7628705148205929,0.39767750631338716,0.3651930085072057,0.3463776597551371,1
Lung9_Rep1_F01,g,80,0.5052023122954026,0.8362204724409449,0.49427329732455355,0.34194717511639133,0.3310181601455423,1
Lung9_Rep1_F01,g,90,0.5895502372463268,0.8596491228070176,0.5835098532810725,0.27613926952594503,0.2700988855606907,1
Lung9_Rep1_F01,g,100,0.6669240916510761,0.8860353130016051,0.6623101135942913,0.22372519940731384,0.21911122135052896,1
Lung9_Rep1_F01,g,110,0.7355903523942248,0.9108589951377634,0.7334681983696351,0.1773907967681283,0.1752686427435386,1
Lung9_Rep1_F01,g,120,0.794665351940517,0.9248366013071896,0.7954878978157256,0.129348703491464,0.13017124936667257,1
Lung9_Rep1_F01,g,130,0.8440095383303126,0.9486754966887417,0.8443178962741608,0.10435760041458098,0.10466595835842918,1
Lung9_Rep1_F01,g,140,0.884072969066021,0.9599332220367279,0.8836995495636841,0.0762336724730438,0.07586025297070698,1
Lung9_Rep1_F01,g,150,0.9157204424188763,0.9681208053691275,0.9152206251771254,0.052900180192002044,0.05240036295025119,1
Lung9_Rep1_F01,g,160,0.9400608409267236,0.96964586846543,0.9402396672387278,0.029406201226702233,0.0295850275387064,1
Lung9_Rep1_F01,g,170,0.9582986697880935,0.9762308998302207,0.9578999687256186,0.018330931104602155,0.017932230042127184,1
Lung9_Rep1_F01,g,180,0.9716181934295679,0.9809688581314879,0.971595042423879,0.009373815707608979,0.00935066470192003,1
Lung9_Rep1_F01,g,190,0.9811035149753665,0.9808027923211169,0.9805177523135102,2.850400076066517e-4,-3.0072265424962996e-4,1
Lung9_Rep1_F01,g,200,0.9876924138667075,0.9824253075571178,0.9872667465917483,-0.004841439034630524,-0.005267106309589709,1
Lung9_Rep1_F01,h,0,0,0,0,0,0,1
Lung9_Rep1_F01,h,10,0.03171841018092114,0,0,0,-0.03171841018092114,1
Lung9_Rep1_F01,h,20,0.12096392548890722,0.002056555269922879,0.0011124326159586027,9.441226539642763e-4,-0.11890737021898434,1
Lung9_Rep1_F01,h,30,0.25180453545955706,0.04417879417879418,0.03182542275016248,0.012353371428631701,-0.2076257412807629,1
Lung9_Rep1_F01,h,40,0.402927878861403,0.25798011512297225,0.17107329086584058,0.08690682425713167,-0.14494776373843077,1
Lung9_Rep1_F01,h,50,0.5532733469605599,0.6044303797468354,0.4209021675252226,0.18352821222161286,0.05115703278627559,1
Lung9_Rep1_F01,h,60,0.6866279310307276,0.8196371398078975,0.6402751610060755,0.17936197880182203,0.13300920877716993,1
Lung9_Rep1_F01,h,70,0.7938980719719059,0.9128094725511302,0.7892669353513049,0.12354253719982533,0.11891140057922434,1
Lung9_Rep1_F01,h,80,0.8729112309555718,0.9538043478260869,0.8774092417943555,0.07639510603173139,0.08089311687051515,1
Lung9_Rep1_F01,h,90,0.9265256688803789,0.9724669603524229,0.9305329329641591,0.041934027388263795,0.045941291472043955,1
Lung9_Rep1_F01,h,100,0.9601739295017896,0.9827490261547023,0.9622167412985771,0.020532284856125127,0.022575096652912685,1
Lung9_Rep1_F01,h,110,0.9797603674146438,0.987085906793936,0.980603349846274,0.006482556947662088,0.007325539379292256,1
Lung9_Rep1_F01,h,120,0.9903563566667625,0.9903737259343148,0.9899484715038982,4.252544304166328e-4,1.736926755235846e-5,1
Lung9_Rep1_F01,h,130,0.9956919274906367,0.9936926605504587,0.9952166716527678,-0.001524011102309153,-0.001999266940178046,1
Lung9_Rep1_F01,h,140,0.9981956191135721,0.9948036951501155,0.9977321123650468,-0.0029284172149313115,-0.0033919239634566667,1
Lung9_Rep1_F01,h,150,0.9992914397565342,0.9959231217239372,0.9991138786932532,-0.003190756969316033,-0.003368318032597073,1
Lung9_Rep1_F01,h,160,0.9997391272640649,0.9964643488509134,0.9996822905570097,-0.00321794170609635,-0.003274778413151491,1
Lung9_Rep1_F01,h,170,0.9999099499508641,0.9970220369267421,0.9998217202584807,-0.002799683331738634,-0.0028879130241220574,1
Lung9_Rep1_F01,h,180,0.99997085644248,0.9975859987929994,0.999915791049714,-0.0023297922567145912,-0.0023848576494805984,1
Lung9_Rep1_F01,h,190,0.9999911569002472,0.9975624619134674,0.9999634292253784,-0.002400967311910973,-0.002428694986779778,1
Lung9_Rep1_F01,h,200,0.9999974842363792,0.9981481481481481,0.9999876923076924,-0.0018395441595442374,-0.0018493360882311238,1
Lung9_Rep1_F02,a,0,0,0,0,0,0,1
Lung9_Rep1_F02,a,10,0.008963797348897407,0,0,0,-0.008963797348897407,1
Lung9_Rep1_F02,a,20,0.03537596591443015,0.0036496350364963502,5.185271331121571e-4,0.003131107903384193,-0.0317263308779338,1
Lung9_Rep1_F02,a,30,0.0778412820589689,0.05719557195571956,0.008256309723296324,0.04893926223242324,-0.020645710103249337,1
Lung9_Rep1_F02,a,40,0.13417063000057605,0.22014925373134328,0.04631426046104789,0.1738349932702954,0.08597862373076723,1
Lung9_Rep1_F02,a,50,0.20156789820564058,0.469811320754717,0.12358279767026059,0.3462285230844564,0.2682434225490764,1
Lung9_Rep1_F02,a,60,0.27685946626940183,0.7150943396226415,0.22817579612488587,0.4869185434977556,0.43823487335323963,1
Lung9_Rep1_F02,a,70,0.3567401276861426,0.8257575757575758,0.33232496599025024,0.49343260976732556,0.4690174480714332,1
Lung9_Rep1_F02,a,80,0.43800913780796147,0.8771593090211133,0.4247967032046814,0.4523626058164319,0.4391501712131518,1
Lung9_Rep1_F02,a,90,0.5177734838076249,0.9129593810444874,0.5137469982763158,0.3992123827681716,0.3951858972368625,1
Lung9_Rep1_F02,a,100,0.5936016279627302,0.9284332688588007,0.5901923081272453,0.3382409607315554,0.33483164089607054,1
Lung9_Rep1_F02,a,110,0.6636186795209591,0.9455252918287937,0.6599781340240016,0.2855471578047921,0.28190661230783465,1
Lung9_Rep1_F02,a,120,0.7265418812331472,0.95874263261296655,0.7243166206165668,0.23442601199639979,0.23220075137981933,1
Lung9_Rep1_F02,a,130,0.7816622594802501,0.9642857142857143,0.7808069151572361,0.1834787991284782,0.18262345480546416,1
Lung9_Rep1_F02,a,140,0.8287834109886048,0.9660678642714571,0.82743662558597,0.1386312386854871,0.13728445328285233,1
Lung9_Rep1_F02,a,150,0.8681312440625398,0.967479674796748,0.8649806973781624,0.1024989774185856,0.09934843073420818,1
Lung9_Rep1_F02,a,160,0.9002490555076111,0.9775051124744376,0.8985304175758723,0.07897469489856535,0.07725605696682647,1
Lung9_Rep1_F02,a,170,0.9258909641545152,0.9774127310061602,0.9247016425409472,0.052711088465212996,0.051521766851645,1
Lung9_Rep1_F02,a,180,0.945924026193793,0.9854771784232366,0.9457231926245406,0.039753985798695934,0.039553152229443556,1
Lung9_Rep1_F02,a,190,0.9612459965092156,0.9874476987447699,0.9609250732337483,0.02652262551102158,0.02620170223555429,1
Lung9_Rep1_F02,a,200,0.9727222943738946,0.989406779661017,0.9719589197360059,0.017447859925011078,0.016684485287122408,1
Lung9_Rep1_F02,b,0,0,0,0,0,0,1
Lung9_Rep1_F02,b,10,0.00893146529274369,0,0,0,-0.00893146529274369,1
Lung9_Rep1_F02,b,20,0.035250078264151274,0,4.067286257423084e-4,-4.067286257423084e-4,-0.035250078264151274,1
Lung9_Rep1_F02,b,30,0.0775704820553752,0.01532567049808429,0.007317406945208565,0.008008263552875726,-0.06224481155729091,1
Lung9_Rep1_F02,b,40,0.13371856345503375,0.17898832684824903,0.04179501466239268,0.13719331218585634,0.045269763393215284,1
Lung9_Rep1_F02,b,50,0.20091643208344967,0.5226824457593688,0.11795371770635517,0.4047287280530137,0.32176601367591917,1
Lung9_Rep1_F02,b,60,0.27600966576782526,0.7655310621242485,0.2210185480484297,0.5445125140758188,0.4895213963564232,1
Lung9_Rep1_F02,b,70,0.35571100670363265,0.8957055214723927,0.33072241492438076,0.564983106548012,0.53999451476876,1
Lung9_Rep1_F02,b,80,0.4368345123299163,0.9443298969072165,0.4259407579162425,0.518389138990974,0.5074953845773001,1
Lung9_Rep1_F02,b,90,0.516497495268555,0.9561586638830898,0.5106202284687456,0.44553843541434424,0.43966116861453475,1
Lung9_Rep1_F02,b,100,0.5922736303537104,0.9683544303797469,0.588604942981009,0.37974948739873793,0.3760808000260365,1
Lung9_Rep1_F02,b,110,0.662288190078935,0.9787234042553191,0.6629343169093664,0.3157890873459527,0.3164352141763841,1
Lung9_Rep1_F02,b,120,0.7252541934981104,0.9827586206896551,0.7267529046730014,0.2560057160166538,0.25750442719154476,1
Lung9_Rep1_F02,b,130,0.7804551406703599,0.9847161572052402,0.7825172322147703,0.20219892499046987,0.20426101653488027,1
Lung9_Rep1_F02,b,140,0.8276850935568565,0.9844444444444445,0.8293314662253626,0.15511297821908188,0.15675935088758797,1
Lung9_Rep1_F02,b,150,0.8671597143918754,0.9932885906040269,0.8666536058348348,0.1266349847691921,0.1261288762121514,1
Lung9_Rep1_F02,b,160,0.8994124734985487,0.9932432432432432,0.8982696112949835,0.0949736319482597,0.09383076974469451,1
Lung9_Rep1_F02,b,170,0.9251889357732673,0.9954233409610984,0.9248329115667021,0.0705904293943963,0.07023440518783108,1
Lung9_Rep1_F02,b,180,0.9453494026931493,0.9953703703703703,0.9455257256438385,0.04984464472653183,0.050020967677221084,1
Lung9_Rep1_F02,b,190,0.9607868826489335,0.9952718676122931,0.9599264001387224,0.0353454674735707,0.03448498496335961,1
Lung9_Rep1_F02,b,200,0.9723639989073286,0.9952038369304557,0.9703327437815391,0.024871093148916557,0.022839838023127057,1
Lung9_Rep1_F02,c,0,0,0,0,0,0,1
Lung9_Rep1_F02,c,10,0.002102033263476355,0,0,0,-0.002102033263476355,1
Lung9_Rep1_F02,c,20,0.00838165892304188,0,3.1496062992125983e-4,-3.1496062992125983e-4,-0.00838165892304188,1
Lung9_Rep1_F02,c,30,0.0187600095240138,0,0.003036619679031073,-0.003036619679031073,-0.0187600095240138,1
Lung9_Rep1_F02,c,40,0.0331074728391092,0.1557377049180328,0.008751311531066185,0.14698639338696662,0.1226302320789236,1
Lung9_Rep1_F02,c,50,0.05124638585734531,0.32231404958677684,0.02298787750209214,0.2993261720846847,0.27106766372943153,1
Lung9_Rep1_F02,c,60,0.07295469592940917,0.4830508474576271,0.05015681608670109,0.432894031370926,0.41009615152821793,1
Lung9_Rep1_F02,c,70,0.09797048360314708,0.6153846153846154,0.080183712430903,0.5352009029537124,0.5174141317814683,1
Lung9_Rep1_F02,c,80,0.12599721839803246,0.6608695652173913,0.1114170891930666,0.5494524760243247,0.5348723468193588,1
Lung9_Rep1_F02,c,90,0.1567096001869226,0.7090909090909091,0.14486786005018018,0.564223049040729,0.5523813089039865,1
Lung9_Rep1_F02,c,100,0.18975982557126192,0.7247706422018348,0.17767836179234758,0.5470922804094873,0.5350108166305729,1
Lung9_Rep1_F02,c,110,0.224784111013956,0.7314814814814815,0.21456883964612736,0.5169126418353541,0.5066973704675255,1
Lung9_Rep1_F02,c,120,0.26140930265121365,0.7685185185185185,0.2564397624266033,0.5120787560919151,0.5071092158673048,1
Lung9_Rep1_F02,c,130,0.2992594065181954,0.7870370370370371,0.29400016645950183,0.49303687057753526,0.4877776305188417,1
Lung9_Rep1_F02,c,140,0.3379618820429191,0.8207547169811321,0.33467462523440245,0.48608009174672967,0.482792834938213,1
Lung9_Rep1_F02,c,150,0.37715355553452234,0.8461538461538461,0.3745134811272156,0.47164036502663054,0.4690002906193238,1
Lung9_Rep1_F02,c,160,0.4164860282912879,0.8431372549019608,0.41772540328628555,0.42541185161567524,0.4266512266106729,1
Lung9_Rep1_F02,c,170,0.4556304750262772,0.8529411764705882,0.45119478981147004,0.40174638665911816,0.397310701444311,1
Lung9_Rep1_F02,c,180,0.4942817516139175,0.8811881188118812,0.4910845968861867,0.3901035219256945,0.3869063671979637,1
Lung9_Rep1_F02,c,190,0.5321617557204724,0.8811881188118812,0.5328436617592482,0.34834445705263295,0.3490263630914088,1
Lung9_Rep1_F02,c,200,0.5690220087229023,0.8811881188118812,0.5700241675751629,0.31116395123671825,0.3121661100889789,1
Lung9_Rep1_F02,d,0,0,0,0,0,0,1
Lung9_Rep1_F02,d,10,0.0020206414776263726,0,0,0,-0.0020206414776263726,1
Lung9_Rep1_F02,d,20,0.008058100942999857,0.01680672268907563,0,0.01680672268907563,0.008748621746075772,1
Lung9_Rep1_F02,d,30,0.01803947651312021,0.017241379310344827,0.001344632768361582,0.015896746541983246,-7.980972027753844e-4,1
Lung9_Rep1_F02,d,40,0.03184489455723827,0.09649122807017543,0.009585040598366406,0.08690618747180903,0.06464633351293717,1
Lung9_Rep1_F02,d,50,0.04930990584293049,0.19469026548672566,0.026129449830347158,0.1685608156563785,0.14538035964379517,1
Lung9_Rep1_F02,d,60,0.07022874569687687,0.3394495412844037,0.054466805727110656,0.28498273555729303,0.2692207955875268,1
Lung9_Rep1_F02,d,70,0.09435836782578577,0.47706422018348627,0.08155914507342636,0.3955050751100599,0.3827058523577005,1
Lung9_Rep1_F02,d,80,0.12142314126698028,0.5370370370370371,0.10894574120240685,0.42809129583463024,0.4156138957700568,1
Lung9_Rep1_F02,d,90,0.15112008364981822,0.6448598130841121,0.13843513817886013,0.506424674905252,0.4937397294342939,1
Lung9_Rep1_F02,d,100,0.18312449205410242,0.7009345794392523,0.1709146151559156,0.5300199642833368,0.5178100873851499,1
Lung9_Rep1_F02,d,110,0.21709582557005824,0.7358490566037735,0.20837671032379998,0.5274723462799735,0.5187532310337153,1
Lung9_Rep1_F02,d,120,0.2526836913212859,0.7735849056603774,0.24589185639774502,0.5276930492626324,0.5209012143390915,1
Lung9_Rep1_F02,d,130,0.2895337881371196,0.7745098039215687,0.28277822153515175,0.4917315823864169,0.48497601578444904,1
Lung9_Rep1_F02,d,140,0.327293668997922,0.8333333333333334,0.3236813515049637,0.5096519818283697,0.5060396643354114,1
Lung9_Rep1_F02,d,150,0.3656181944016864,0.8316831683168316,0.36747362962847363,0.464209538688358,0.46606497391514523,1
Lung9_Rep1_F02,d,160,0.4041745633454096,0.86,0.4061459462062734,0.45385405379372656,0.4558254366545904,1
Lung9_Rep1_F02,d,170,0.44264682600005245,0.8686868686868687,0.4477118824067766,0.4209749862800921,0.4260400426868163,1
Lung9_Rep1_F02,d,180,0.4807398016257264,0.8775510204081632,0.48514579015551673,0.3924052302526465,0.39681121878243686,1
Lung9_Rep1_F02,d,190,0.5181823460249262,0.8865979381443299,0.5172715785860096,0.36932635955832027,0.36841559211940367,1
Lung9_Rep1_F02,d,200,0.5547299340624084,0.9072164948453608,0.5518885593254236,0.35532793551993724,0.3524865607829524,1
Lung9_Rep1_F02,e,0,0,0,0,0,0,1
Lung9_Rep1_F02,e,10,0.001678723477484767,0,0,0,-0.001678723477484767,1
Lung9_Rep1_F02,e,20,0.006698004150240799,0,0,0,-0.006698004150240799,1
Lung9_Rep1_F02,e,30,0.01500745563773831,0.02,0.0019881188118811882,0.018011881188118813,0.004992544362261691,1
Lung9_Rep1_F02,e,40,0.026524037007867096,0.08080808080808081,0.007651988208375629,0.07315609259970518,0.05428404380021372,1
Lung9_Rep1_F02,e,50,0.04113343433687611,0.20202020202020202,0.021718462171270724,0.1803017398489313,0.1608867676833259,1
Lung9_Rep1_F02,e,60,0.05869194961714386,0.38144329896907214,0.038253356853607805,0.34318994211546433,0.3227513493519283,1
Lung9_Rep1_F02,e,70,0.0790288533674679,0.5208333333333334,0.06455145961791446,0.4562818737154189,0.44180447996586547,1
Lung9_Rep1_F02,e,80,0.10194914709317704,0.5473684210526316,0.08746252465753618,0.45990589639509544,0.4454192739594546,1
Lung9_Rep1_F02,e,90,0.1272366731188398,0.5789473684210527,0.11296599786690815,0.4659813705541445,0.45171069530221286,1
Lung9_Rep1_F02,e,100,0.1546575025056175,0.5789473684210527,0.1361756540788577,0.442771714342195,0.42428986591543516,1
Lung9_Rep1_F02,e,110,0.18396352693513718,0.6276595744680851,0.16582246752733718,0.46183710694074787,0.4436960475329479,1
Lung9_Rep1_F02,e,120,0.21489617768980263,0.6382978723404256,0.19500724967871927,0.44329062266170627,0.42340169465062294,1
Lung9_Rep1_F02,e,130,0.2471901942124295,0.6413043478260869,0.22711469384314098,0.41418965398294594,0.3941141536136574,1
Lung9_Rep1_F02,e,140,0.28057736614260587,0.6521739130434783,0.2678118457907778,0.38436206725270045,0.3715965469008724,1
Lung9_Rep1_F02,e,150,0.31479017609343685,0.6555555555555556,0.30544828765136384,0.3501072679041917,0.3407653794621187,1
Lung9_Rep1_F02,e,160,0.34956527558027006,0.6741573033707865,0.34177695295057964,0.33238035042020686,0.32459202779051644,1
Lung9_Rep1_F02,e,170,0.38464673322057696,0.6931818181818182,0.3818965045472815,0.3112853136345367,0.30853508496124127,1
Lung9_Rep1_F02,e,180,0.4197890023274521,0.7386363636363636,0.4221182426597111,0.31651812097665255,0.31884736130891156,1
Lung9_Rep1_F02,e,190,0.45475956402358353,0.75,0.4521722135065033,0.2978277864934967,0.29524043597641647,1
Lung9_Rep1_F02,e,200,0.48934121169479017,0.7727272727272727,0.4850655527238733,0.2876617200033994,0.28338606103248254,1
Lung9_Rep1_F02,f,0,0,0,0,0,0,1
Lung9_Rep1_F02,f,10,0.01712604177313093,0,0,0,-0.01712604177313093,1
Lung9_Rep1_F02,f,20,0.06676436558770771,0.0019102196752626551,4.808889071227387e-4,0.0014293307681399164,-0.06485414591244505,1
Lung9_Rep1_F02,f,30,0.14398681280565095,0.02697495183044316,0.012644986909190439,0.01432996492125272,-0.1170118609752078,1
Lung9_Rep1_F02,f,40,0.24148311357843932,0.1796116504854369,0.08251501889695131,0.09709663158848558,-0.06187146309300243,1
Lung9_Rep1_F02,f,50,0.35069954251354585,0.3856722276741904,0.22118634513195962,0.1644858825422308,0.03497268516064456,1
Lung9_Rep1_F02,f,60,0.4630648683449463,0.6065411298315163,0.3928673828126026,0.21367374701891373,0.14347626148657,1
Lung9_Rep1_F02,f,70,0.5710629215848995,0.7514910536779325,0.5448769898898347,0.20661406378809777,0.180428132093033,1
Lung9_Rep1_F02,f,80,0.668974831953902,0.8398398398398398,0.6640277599235638,0.175812079916276,0.17086500788593784,1
Lung9_Rep1_F02,f,90,0.7532119668623827,0.89738430583501,0.7521298240012869,0.14525448183372314,0.14417233897262738,1
Lung9_Rep1_F02,f,100,0.8222609578140321,0.9391480730223124,0.8234413946304767,0.11570667839183568,0.11688711520828032,1
Lung9_Rep1_F02,f,110,0.8763377252763924,0.955193482688391,0.8782549042190295,0.07693857846936147,0.07885575741199857,1
Lung9_Rep1_F02,f,120,0.9168834930894677,0.9691675231243576,0.9180206606461152,0.051146862478242405,0.052284030034889906,1
Lung9_Rep1_F02,f,130,0.9460324140383154,0.9823100936524454,0.9470098142257887,0.0353002794266567,0.036277679614129976,1
Lung9_Rep1_F02,f,140,0.9661487774873921,0.9863157894736843,0.9661217488371112,0.02019404063657304,0.020167011986292116,1
Lung9_Rep1_F02,f,150,0.9794878407382805,0.9915254237288136,0.9787495719702376,0.012775851758575985,0.012037582990533036,1
Lung9_Rep1_F02,f,160,0.987992736016924,0.9957081545064378,0.9878179808290528,0.007890173677384982,0.007715418489513848,1
Lung9_Rep1_F02,f,170,0.993209959033401,0.9978471474703983,0.9929047938354104,0.0049423536349878505,0.0046371884369972305,1
Lung9_Rep1_F02,f,180,0.9962906621852906,0.9989177489177489,0.9963456572426261,0.002572091675122734,0.0026270867324582614,1
Lung9_Rep1_F02,f,190,0.9980424357005958,0.9989106753812637,0.9981100023649547,8.006730163089282e-4,8.682396806678483e-4,1
Lung9_Rep1_F02,f,200,0.9990019981601741,1,0.9989107613971284,0.0010892386028715784,9.980018398259016e-4,1
Lung9_Rep1_F02,g,0,0,0,0,0,0,1
Lung9_Rep1_F02,g,10,0.009997866408296918,0,0,0,-0.009997866408296918,1
Lung9_Rep1_F02,g,20,0.0393957090856466,0,3.9857921372275654e-4,-3.9857921372275654e-4,-0.0393957090856466,1
Lung9_Rep1_F02,g,30,0.08646503351979484,0.013377926421404682,0.0073574864383357,0.006020439983068982,-0.07308710709839016,1
Lung9_Rep1_F02,g,40,0.14851286821663945,0.12941176470588237,0.04481654972940298,0.08459521497647939,-0.019101103510757084,1
Lung9_Rep1_F02,g,50,0.22213673160796166,0.3271186440677966,0.1321003198402418,0.19501832422755483,0.10498191245983496,1
Lung9_Rep1_F02,g,60,0.3035327485866228,0.5672913117546848,0.2481391213174647,0.3191521904372201,0.263758563168062,1
Lung9_Rep1_F02,g,70,0.38881822191800663,0.6809605488850772,0.36079996979318807,0.3201605790918891,0.29214232696707054,1
Lung9_Rep1_F02,g,80,0.47433101247040343,0.7530224525043178,0.4587041860668357,0.29431826643748205,0.27869144003391433,1
Lung9_Rep1_F02,g,90,0.5568746703290974,0.8093587521663779,0.5495958057809793,0.25976294638539854,0.25248408183728044,1
Lung9_Rep1_F02,g,100,0.6338887651020091,0.837979094076655,0.6312281361007543,0.2067509579759007,0.20409032897464596,1
Lung9_Rep1_F02,g,110,0.7035361131879562,0.87215411558669,0.7051506598914032,0.16700345569528674,0.1686180023987338,1
Lung9_Rep1_F02,g,120,0.7647103622375726,0.9012345679012346,0.7683909168814809,0.1328436510197537,0.13652420566366197,1
Lung9_Rep1_F02,g,130,0.8169768333513394,0.9214285714285714,0.8219195094726695,0.09950906195590192,0.10445173807723196,1
Lung9_Rep1_F02,g,140,0.8604655032396867,0.9425493716337523,0.8646100842347281,0.07793928739902423,0.08208386839406556,1
Lung9_Rep1_F02,g,150,0.8957372016983771,0.956442831215971,0.8981356039719961,0.05830722724397486,0.06070562951759384,1
Lung9_Rep1_F02,g,160,0.9236429002751713,0.96875,0.9244210259316213,0.04432897406837866,0.045107099724828736,1
Lung9_Rep1_F02,g,170,0.9451922803797833,0.9720670391061452,0.9453383253503748,0.02672871375577046,0.026874758726361914,1
Lung9_Rep1_F02,g,180,0.9614427277023727,0.9810964083175804,0.9608707344656985,0.020225673851881898,0.01965368061520767,1
Lung9_Rep1_F02,g,190,0.9734146040202555,0.9847036328871893,0.972464568121668,0.01223906476552128,0.011289028866933837,1
Lung9_Rep1_F02,g,200,0.9820339656651556,0.9922027290448343,0.981196105293803,0.011006623751031341,0.010168763379678758,1
Lung9_Rep1_F02,h,0,0,0,0,0,0,1
Lung9_Rep1_F02,h,10,0.024839372836893747,0,0,0,-0.024839372836893747,1
Lung9_Rep1_F02,h,20,0.09571644702787618,0,0.001003508692825522,-0.001003508692825522,-0.09571644702787618,1
Lung9_Rep1_F02,h,30,0.20258312498014186,0.031628532974428,0.019865871267131262,0.011762661707296736,-0.17095459200571386,1
Lung9_Rep1_F02,h,40,0.33131970094852525,0.18737270875763748,0.11808463706054133,0.06928807169709615,-0.14394699219088777,1
Lung9_Rep1_F02,h,50,0.46678304554302874,0.46804123711340206,0.3032990880060155,0.16474214910738655,0.0012581915703733237,1
Lung9_Rep1_F02,h,60,0.5956646725368728,0.7008310249307479,0.5156775732085738,0.18515345172217412,0.10516635239387506,1
Lung9_Rep1_F02,h,70,0.7084374485591161,0.8318149964961458,0.6853834764706191,0.14643152002552662,0.12337754793702971,1
Lung9_Rep1_F02,h,80,0.800071774168245,0.9016277423920736,0.7979907848509289,0.10363695754114466,0.10155596822382851,1
Lung9_Rep1_F02,h,90,0.8696326618731849,0.9458689458689459,0.872841717644248,0.07302722822469787,0.07623628399576099,1
Lung9_Rep1_F02,h,100,0.9191619553391953,0.9595959595959596,0.9214396583675067,0.038156301228452816,0.040434004256764244,1
Lung9_Rep1_F02,h,110,0.9523332965233974,0.9658678286129266,0.9532116453246624,0.012656183288264233,0.013534532089529261,1
Lung9_Rep1_F02,h,120,0.9732719821821281,0.9773557341124909,0.9745302423674095,0.0028254917450813988,0.004083751930362811,1
Lung9_Rep1_F02,h,130,0.9857481677404827,0.9830258302583026,0.9868103827725785,-0.0037845525142758962,-0.0027223374821800927,1
Lung9_Rep1_F02,h,140,0.992773517285475,0.9881040892193309,0.9927798512529583,-0.004675762033627406,-0.004669428066144121,1
Lung9_Rep1_F02,h,150,0.996515539463678,0.9880418535127056,0.996215435781178,-0.008173582268472424,-0.00847368595097242,1
Lung9_Rep1_F02,h,160,0.9984022955373121,0.9909502262443439,0.9981499686667016,-0.007199742422357658,-0.007452069292968155,1
Lung9_Rep1_F02,h,170,0.9993033579869923,0.9923838537699924,0.9990286112721919,-0.006644757502199505,-0.006919504216999939,1
Lung9_Rep1_F02,h,180,0.999711148124106,0.993103448275862,0.9996331206876131,-0.006529672411751064,-0.006607699848243942,1
Lung9_Rep1_F02,h,190,0.9998861080474867,0.9953703703703703,0.9997379309849439,-0.004367560614573551,-0.004515737677116327,1
Lung9_Rep1_F02,h,200,0.9999572965266535,0.9961028838659393,0.9998905505514107,-0.0037876666854714802,-0.0038544126607142903,1
Lung9_Rep1_F05,a,0,0,0,0,0,0,1
Lung9_Rep1_F05,a,10,0.004666392157519961,0,0,0,-0.004666392157519961,1
Lung9_Rep1_F05,a,20,0.018535323308097595,0,0,0,-0.018535323308097595,1
Lung9_Rep1_F05,a,30,0.04122209756627282,0.014545454545454545,0.0035022415214151694,0.011043213024039376,-0.026676643020818274,1
Lung9_Rep1_F05,a,40,0.07210529778933239,0.08118081180811808,0.020955786726369583,0.0602250250817485,0.009075514018785688,1
Lung9_Rep1_F05,a,50,0.1103550637350883,0.2696629213483146,0.05852773557172065,0.21113518577659396,0.1593078576132263,1
Lung9_Rep1_F05,a,60,0.15497012327442605,0.5189393939393939,0.11992865645508916,0.39901073748430477,0.36396927066496787,1
Lung9_Rep1_F05,a,70,0.2048212715961507,0.6768060836501901,0.18778893495157115,0.489017148698619,0.4719848120540394,1
Lung9_Rep1_F05,a,80,0.25869866788089324,0.767175572519084,0.24859569087079936,0.5185798816482846,0.5084769046381907,1
Lung9_Rep1_F05,a,90,0.3153601970651062,0.8326848249027238,0.31480600074815446,0.5178788241545693,0.5173246278376176,1
Lung9_Rep1_F05,a,100,0.37357822670288754,0.86328125,0.3751660502377587,0.4881151997622413,0.48970302329711246,1
Lung9_Rep1_F05,a,110,0.4321823578427104,0.8779527559055118,0.435245440435003,0.4427073154705088,0.4457703980628014,1
Lung9_Rep1_F05,a,120,0.49009619092685197,0.9090909090909091,0.5003340394208124,0.4087568696700966,0.4189947181640571,1
Lung9_Rep1_F05,a,130,0.5463666582758835,0.9166666666666666,0.558051969391296,0.35861469727537065,0.37030000839078314,1
Lung9_Rep1_F05,a,140,0.6001850628151736,0.9282868525896414,0.6089062250427614,0.31938062754688,0.3281017897744678,1
Lung9_Rep1_F05,a,150,0.6508995566404082,0.9322709163346613,0.6558264199920846,0.27644449634257673,0.2813713596942531,1
Lung9_Rep1_F05,a,160,0.6980193453979309,0.936,0.704951786508041,0.23104821349195903,0.23798065460206919,1
Lung9_Rep1_F05,a,170,0.7412113762941639,0.9357429718875502,0.7494066419634824,0.1863363299240678,0.1945315955933863,1
Lung9_Rep1_F05,a,180,0.7802906311360761,0.9437751004016064,0.788289018031602,0.15548608237000439,0.16348446926553029,1
Lung9_Rep1_F05,a,190,0.8152053860586311,0.9552845528455285,0.8217491150001357,0.1335354378453928,0.14007916678689736,1
Lung9_Rep1_F05,a,200,0.8460189139520022,0.9549180327868853,0.8498956461318579,0.10502238665502739,0.10889911883488301,1
Lung9_Rep1_F05,b,0,0,0,0,0,0,1
Lung9_Rep1_F05,b,10,0.015936486082859025,0,0,0,-0.015936486082859025,1
Lung9_Rep1_F05,b,20,0.06223823995660649,0.002107481559536354,2.5100367725357236e-4,0.0018564778822827816,-0.06013075839707013,1
Lung9_Rep1_F05,b,30,0.13461738134218715,0.023655913978494623,0.011545905992451281,0.012110007986043341,-0.11096146736369253,1
Lung9_Rep1_F05,b,40,0.22666070779857495,0.16100766703176342,0.07117345171914695,0.08983421531261647,-0.06565304076681153,1
Lung9_Rep1_F05,b,50,0.3307656182037513,0.3643410852713178,0.19449360630345386,0.16984747896786395,0.03357546706756653,1
Lung9_Rep1_F05,b,60,0.4391681463890924,0.5840807174887892,0.3596767363875599,0.22440398110122928,0.1449125710996968,1
Lung9_Rep1_F05,b,70,0.5448722044419596,0.7272727272727273,0.5126580505409906,0.21461467673173673,0.1824005228307677,1
Lung9_Rep1_F05,b,80,0.6423318187288409,0.8239355581127733,0.6319982551786683,0.19193730293410505,0.18160373938393237,1
Lung9_Rep1_F05,b,90,0.7278091557061885,0.8722415795586528,0.7252678128205864,0.1469737667380664,0.14443242385246424,1
Lung9_Rep1_F05,b,100,0.7994082909200537,0.9043683589138135,0.8028012416488717,0.10156711726494183,0.10496006799375979,1
Lung9_Rep1_F05,b,110,0.8568475767092925,0.9229843561973526,0.8584202297026572,0.06456412649469545,0.06613677948806018,1
Lung9_Rep1_F05,b,120,0.9010693894648083,0.9416767922235723,0.903007580010747,0.038669212212825266,0.040607402758763955,1
Lung9_Rep1_F05,b,130,0.9337922340177556,0.950920245398773,0.9330727057891126,0.017847539609660346,0.017128011381017383,1
Lung9_Rep1_F05,b,140,0.9570924775715403,0.9577114427860697,0.9556119753624736,0.002099467423596124,6.189652145294211e-4,1
Lung9_Rep1_F05,b,150,0.973071993591924,0.9671717171717171,0.9705448024627781,-0.003373085291060951,-0.005900276420206851,1
Lung9_Rep1_F05,b,160,0.983634803461032,0.9756410256410256,0.9804117160151262,-0.004770690374100606,-0.007993777820006431,1
Lung9_Rep1_F05,b,170,0.9903687089227653,0.9778357235984355,0.9878101583230742,-0.009974434724638659,-0.012532985324329782,1
Lung9_Rep1_F05,b,180,0.994510989635201,0.9815059445178336,0.9924593827001849,-0.010953438182351283,-0.013005045117367442,1
Lung9_Rep1_F05,b,190,0.9969706472103427,0.986648865153538,0.9954800928360125,-0.008831227682474463,-0.010321782056804674,1
Lung9_Rep1_F05,b,200,0.9983809811148715,0.9891304347826086,0.9974921078373014,-0.008361673054692709,-0.0092505463322628545,1
Lung9_Rep1_F05,c,0,0,0,0,0,0,1
Lung9_Rep1_F05,c,10,9.581420940587559e-4,0,0,0,-9.581420940587559e-4,1
Lung9_Rep1_F05,c,20,0.003827063676194342,0,0,0,-0.003827063676194342,1
Lung9_Rep1_F05,c,30,0.008590303321804327,0,0.0021567808409913673,-0.0021567808409913673,-0.008590303321804327,1
Lung9_Rep1_F05,c,40,0.015220600203042611,0.07142857142857142,0.008099904493911153,0.06332866693466027,0.05620797122552881,1
Lung9_Rep1_F05,c,50,0.023680153952362892,0.32142857142857145,0.015802115696639023,0.3056264557319324,0.29774841747620856,1
Lung9_Rep1_F05,c,60,0.03392098360250473,0.5178571428571429,0.02810079855911339,0.4897563442980295,0.4839361592546382,1
Lung9_Rep1_F05,c,70,0.045885380834338685,0.5714285714285714,0.040261117814363694,0.5311674536142077,0.5255431905942327,1
Lung9_Rep1_F05,c,80,0.05950645154256984,0.6964285714285714,0.06157634104994371,0.6348522303786277,0.6369221198860016,1
Lung9_Rep1_F05,c,90,0.07470873860959981,0.6909090909090909,0.0779558033887571,0.6129532875203338,0.6162003522994911,1
Lung9_Rep1_F05,c,100,0.09140891777805582,0.6909090909090909,0.09614983308776945,0.5947592578213214,0.5995001731310351,1
Lung9_Rep1_F05,c,110,0.10951655764833879,0.7037037037037037,0.11622260585757725,0.5874810978461265,0.5941871460553649,1
Lung9_Rep1_F05,c,120,0.12893493411199963,0.7222222222222222,0.13437382425817865,0.5878483979640435,0.5932872881102226,1
Lung9_Rep1_F05,c,130,0.14956188897475264,0.7222222222222222,0.15805621024378713,0.5641660119784351,0.5726603332474696,1
Lung9_Rep1_F05,c,140,0.1712907221312996,0.7358490566037735,0.18015437763854694,0.5556946789652266,0.5645583344724739,1
Lung9_Rep1_F05,c,150,0.1940111064313802,0.7307692307692307,0.2003034056691876,0.5304658251000431,0.5367581243378505,1
Lung9_Rep1_F05,c,160,0.2176100143228683,0.7307692307692307,0.22163482315953584,0.5091344076096949,0.5131592164463624,1
Lung9_Rep1_F05,c,170,0.24197264547037067,0.7450980392156863,0.25212260867061814,0.49297543054506815,0.5031253937453156,1
Lung9_Rep1_F05,c,180,0.2669833448206469,0.74,0.27810905033427324,0.46189094966572675,0.4730166551793531,1
Lung9_Rep1_F05,c,190,0.29252650101039235,0.74,0.3106197960321312,0.4293802039678688,0.44747349898960764,1
Lung9_Rep1_F05,c,200,0.31848741557603766,0.74,0.3394243443410169,0.40057565565898307,0.42151258442396233,1
Lung9_Rep1_F05,d,0,0,0,0,0,0,1
Lung9_Rep1_F05,d,10,0.027223679285579783,0,0,0,-0.027223679285579783,1
Lung9_Rep1_F05,d,20,0.1045281005891443,0.0012121212121212121,3.6600493539184386e-4,8.461162767293682e-4,-0.1033159793770231,1
Lung9_Rep1_F05,d,30,0.2199599269680682,0.03310852237890864,0.01827136066628265,0.014837161712625991,-0.18685140458915955,1
Lung9_Rep1_F05,d,40,0.3570046271741639,0.19504643962848298,0.11875894472967244,0.07628749489881054,-0.16195818754568095,1
Lung9_Rep1_F05,d,50,0.4984378424217406,0.46878901373283394,0.3145302116060849,0.15425880212674903,-0.02964882868890667,1
Lung9_Rep1_F05,d,60,0.629773367188015,0.7250470809792844,0.5401091353734063,0.18493794560587806,0.09527371379126937,1
Lung9_Rep1_F05,d,70,0.7413952287306848,0.8487341772151898,0.7123078212971358,0.13642635591805408,0.10733894848450509,1
Lung9_Rep1_F05,d,80,0.8290648448404523,0.9148527528809219,0.821614601588457,0.09323815129246493,0.08578790804046965,1
Lung9_Rep1_F05,d,90,0.8930816547575167,0.9381443298969072,0.8906448305682392,0.04749949932866804,0.04506267513939055,1
Lung9_Rep1_F05,d,100,0.9367152530760864,0.9567183462532299,0.9360713076122151,0.020647038641014803,0.02000309317714355,1
Lung9_Rep1_F05,d,110,0.9645536233690468,0.9700715679895902,0.9612095117289324,0.008862056260657725,0.005517944620543336,1
Lung9_Rep1_F05,d,120,0.9812124292663664,0.9796186719263642,0.979642110012935,-2.3438086570792827e-5,-0.001593757340002222,1
Lung9_Rep1_F05,d,130,0.9905768654871846,0.9854208084824387,0.9885976504264788,-0.0031768419440401097,-0.005156057004745862,1
Lung9_Rep1_F05,d,140,0.9955275434149763,0.9912926992632284,0.9946012094760542,-0.0033085102128258548,-0.004234844151747907,1
Lung9_Rep1_F05,d,150,0.9979912640260338,0.9952830188679245,0.9972448977771433,-0.0019618789092188393,-0.0027082451581093014,1
Lung9_Rep1_F05,d,160,0.9991462601329999,0.9952380952380953,0.9985016803873177,-0.0032635851492224255,-0.003908164894904642,1
Lung9_Rep1_F05,d,170,0.9996566364046156,0.9958762886597938,0.9992565884309317,-0.0033802997711378513,-0.0037803477448217215,1
Lung9_Rep1_F05,d,180,0.9998693200635722,0.9958534899792675,0.9997258832758593,-0.003872393296591836,-0.004015830084304728,1
Lung9_Rep1_F05,d,190,0.9999529359212376,0.9972241498959056,0.9998836610991755,-0.002659511203269904,-0.0027287860253319973,1
Lung9_Rep1_F05,d,200,0.9999839603018607,0.99721059972106,0.9999561825528868,-0.0027455828318267983,-0.002773360580800688,1
Lung9_Rep1_F05,e,0,0,0,0,0,0,1
Lung9_Rep1_F05,e,10,0.010816246819404962,0,0,0,-0.010816246819404962,1
Lung9_Rep1_F05,e,20,0.042568088041704644,0,1.8681959329223578e-4,-1.8681959329223578e-4,-0.042568088041704644,1
Lung9_Rep1_F05,e,30,0.0932391263843213,0.015873015873015872,0.0075919049042660796,0.008281110968749793,-0.07736611051130543,1
Lung9_Rep1_F05,e,40,0.15970535662693464,0.1192368839427663,0.047422912897407736,0.07181397104535855,-0.04046847268416834,1
Lung9_Rep1_F05,e,50,0.23805369508046403,0.3763955342902711,0.13675962965210575,0.23963590463816536,0.13834183920980708,1
Lung9_Rep1_F05,e,60,0.3239620301767727,0.6058158319870759,0.26101840113117136,0.34479743085590453,0.2818538018103032,1
Lung9_Rep1_F05,e,70,0.4130896613356111,0.774671052631579,0.3829206768424723,0.3917503757891067,0.3615813912959679,1
Lung9_Rep1_F05,e,80,0.5014297271521013,0.8801996672212978,0.49243898494849236,0.38776068227280547,0.3787699400691965,1
Lung9_Rep1_F05,e,90,0.5855854929596087,0.9259259259259259,0.5819013806621477,0.34402454526377824,0.3403404329663172,1
Lung9_Rep1_F05,e,100,0.6629475649296941,0.9608177172061328,0.6640271691049326,0.2967905481012002,0.29787015227643876,1
Lung9_Rep1_F05,e,110,0.7317659310721429,0.9707401032702238,0.731194826955847,0.23954527631437672,0.23897417219808081,1
Lung9_Rep1_F05,e,120,0.7911260135612704,0.978984238178634,0.7948269344913561,0.1841573036872779,0.18785822461736357,1
Lung9_Rep1_F05,e,130,0.8408492378391967,0.9841549295774648,0.8438552145549301,0.1402997150225347,0.14330569173826802,1
Lung9_Rep1_F05,e,140,0.88134472794576,0.9874776386404294,0.8838082607781045,0.10366937786232489,0.10613291069466935,1
Lung9_Rep1_F05,e,150,0.9134395898764325,0.9891696750902527,0.9143973427842111,0.07477233230604152,0.07573008521382019,1
Lung9_Rep1_F05,e,160,0.938211803237345,0.9926873857404022,0.9384177780303008,0.054269607710101364,0.054475582503057174,1
Lung9_Rep1_F05,e,170,0.9568435527068669,0.9925788497217068,0.9547743511621853,0.037804498559521504,0.035735297014839906,1
Lung9_Rep1_F05,e,180,0.9705055841050533,0.9943609022556391,0.9665259839358084,0.02783491831983076,0.023855318150585836,1
Lung9_Rep1_F05,e,190,0.9802763238346579,0.9961977186311787,0.9778268607473104,0.018370857883868275,0.01592139479652077,1
Lung9_Rep1_F05,e,200,0.9870940530273237,0.9961759082217974,0.9845647616779684,0.011611146543828998,0.009081855194473687,1
Lung9_Rep1_F05,f,0,0,0,0,0,0,1
Lung9_Rep1_F05,f,10,0.0015523891769314568,0,0,0,-0.0015523891769314568,1
Lung9_Rep1_F05,f,20,0.006195112193464247,0,4.25531914893617e-4,-4.25531914893617e-4,-0.006195112193464247,1
Lung9_Rep1_F05,f,30,0.013885059278320844,0.02197802197802198,0.0017702609795671425,0.020207760998454838,0.008092962699701136,1
Lung9_Rep1_F05,f,40,0.024551121869469394,0.044444444444444446,0.007609635179396158,0.036834809265048285,0.01989332257497505,1
Lung9_Rep1_F05,f,50,0.03809528736528334,0.09090909090909091,0.01984021983833258,0.07106887107075834,0.052813803543807575,1
Lung9_Rep1_F05,f,60,0.05439413858930475,0.2159090909090909,0.03774021081457914,0.17816888009451176,0.16151495231978616,1
Lung9_Rep1_F05,f,70,0.07330072588772107,0.42528735632183906,0.06364676473867081,0.36164059158316825,0.351986630434118,1
Lung9_Rep1_F05,f,80,0.09464677215058714,0.4827586206896552,0.09166612312319343,0.39109249756646175,0.38811184853906805,1
Lung9_Rep1_F05,f,90,0.11824516450134881,0.5348837209302325,0.11935662241275942,0.4155270985174731,0.4166385564288837,1
Lung9_Rep1_F05,f,100,0.1438926810985025,0.5903614457831325,0.15039623801696325,0.4399652077661693,0.44646876468463004,1
Lung9_Rep1_F05,f,110,0.17137289756142515,0.6463414634146342,0.17856608701955323,0.46777537639508093,0.474968565853209,1
Lung9_Rep1_F05,f,120,0.20045921504839392,0.6790123456790124,0.2092633989147425,0.46974894676426987,0.47855313063061844,1
Lung9_Rep1_F05,f,130,0.23091795101138957,0.7037037037037037,0.24320352365955594,0.4605001800441478,0.47278575269231415,1
Lung9_Rep1_F05,f,140,0.2625114341162428,0.7468354430379747,0.2764742824395301,0.47036116059844457,0.4843240089217319,1
Lung9_Rep1_F05,f,150,0.2950010466905342,0.7466666666666667,0.30509296827975607,0.44157369838691063,0.4516656199761325,1
Lung9_Rep1_F05,f,160,0.32815016124686947,0.7733333333333333,0.34262204303402427,0.43071129029930905,0.44518317208646385,1
Lung9_Rep1_F05,f,170,0.3617269219908176,0.7866666666666666,0.37991017471881505,0.4067564919478516,0.42493974467584905,1
Lung9_Rep1_F05,f,180,0.3955068275955015,0.8055555555555556,0.4133033775987697,0.3922521779567859,0.4100487279600541,1
Lung9_Rep1_F05,f,190,0.42927507771931317,0.8309859154929577,0.44614473792819365,0.3848411775647641,0.4017108377736446,1
Lung9_Rep1_F05,f,200,0.4628286525537121,0.8714285714285714,0.4835853040314327,0.38784326739713876,0.40859991887485936,1
Lung9_Rep1_F05,g,0,0,0,0,0,0,1
Lung9_Rep1_F05,g,10,5.122246918046747e-4,0,0,0,-5.122246918046747e-4,1
Lung9_Rep1_F05,g,20,0.002047325059918448,0,0,0,-0.002047325059918448,1
Lung9_Rep1_F05,g,30,0.0046005880378551245,0,0,0,-0.0046005880378551245,1
Lung9_Rep1_F05,g,40,0.008164185308477623,0.07692307692307693,0.0025806451612903226,0.0743424317617866,0.0687588916145993,1
Lung9_Rep1_F05,g,50,0.0127272132930637,0.15384615384615385,0.006626622172784575,0.1472195316733693,0.14111894055309016,1
Lung9_Rep1_F05,g,60,0.01827574873501503,0.28,0.011873934000741564,0.2681260659992585,0.261724251264985,1
Lung9_Rep1_F05,g,70,0.02479291948165596,0.28,0.012101170612850256,0.26789882938714976,0.25520708051834406,1
Lung9_Rep1_F05,g,80,0.032258989960533,0.48,0.01925757602509549,0.4607424239749045,0.447741010039467,1
Lung9_Rep1_F05,g,90,0.04065146074420223,0.5,0.02841026854330525,0.47158973145669475,0.45934853925579777,1
Lung9_Rep1_F05,g,100,0.04994518150058391,0.4782608695652174,0.0366622017952385,0.4415986677699789,0.4283156880646335,1
Lung9_Rep1_F05,g,110,0.060112476535435166,0.4782608695652174,0.0470467891108603,0.4312140804543571,0.41814839302978224,1
Lung9_Rep1_F05,g,120,0.07112328205013063,0.5652173913043478,0.05232901378685583,0.512888377517492,0.49409410925421715,1
Lung9_Rep1_F05,g,130,0.08294529416243956,0.6086956521739131,0.06053094944906136,0.5481647027248517,0.5257503580114735,1
Lung9_Rep1_F05,g,140,0.09554412667098466,0.6086956521739131,0.08266389101325504,0.5260317611606581,0.5131515255029284,1
Lung9_Rep1_F05,g,150,0.10888347748607319,0.5909090909090909,0.10217744756752349,0.48873164334156743,0.48202561342301775,1
Lung9_Rep1_F05,g,160,0.12292530260104517,0.5909090909090909,0.11219882120068801,0.4787102697084029,0.46798378830804577,1
Lung9_Rep1_F05,g,170,0.137629996439515,0.5714285714285714,0.13262695430220217,0.4388016171263692,0.4337985749890564,1
Lung9_Rep1_F05,g,180,0.15295657738510637,0.55,0.15373948605798005,0.39626051394202,0.39704342261489367,1
Lung9_Rep1_F05,g,190,0.16886287728163618,0.5789473684210527,0.16754979671461753,0.4113975717064351,0.4100844911394165,1
Lung9_Rep1_F05,g,200,0.18530573368318404,0.5789473684210527,0.17842383491474267,0.40052353350631,0.3936416347378686,1
Lung9_Rep1_F05,h,0,0,0,0,0,0,1
Lung9_Rep1_F05,h,10,9.746537322515847e-4,0,0,0,-9.746537322515847e-4,1
Lung9_Rep1_F05,h,20,0.003892918932206224,0,0,0,-0.003892918932206224,1
Lung9_Rep1_F05,h,30,0.0087377630536177309,0,0.001442495126705653,-0.001442495126705653,-0.0087377630536177309,1
Lung9_Rep1_F05,h,40,0.01548098257818864,0,0.0050403787245892505,-0.0050403787245892505,-0.01548098257818864,1
Lung9_Rep1_F05,h,50,0.02408347647420095,0.05555555555555555,0.014472571526742029,0.041082984028813524,0.031472079081354604,1
Lung9_Rep1_F05,h,60,0.03449562382681126,0.24528301886792453,0.030670938631802844,0.2146120802361217,0.21078739504111327,1
Lung9_Rep1_F05,h,70,0.04665776053751336,0.4117647058823529,0.045407655477076946,0.366357050405276,0.36510694534483956,1
Lung9_Rep1_F05,h,80,0.060500748685942574,0.49019607843137253,0.06296068875400551,0.427235389677367,0.42969532974542995,1
Lung9_Rep1_F05,h,90,0.07594663095349108,0.5490196078431373,0.07973651066777868,0.46928309717535865,0.4730729768896462,1
Lung9_Rep1_F05,h,100,0.09290936144484307,0.56,0.10263821704308487,0.4573617829569152,0.467090638555157,1
Lung9_Rep1_F05,h,110,0.11129560332751298,0.62,0.12654960966760384,0.4934503903323961,0.508704396672487,1
Lung9_Rep1_F05,h,120,0.13100558295469333,0.62,0.1504552421698767,0.4695447578301233,0.48899441704530666,1
Lung9_Rep1_F05,h,130,0.15193398955381598,0.6041666666666666,0.17066845488870627,0.43349821177796033,0.45223267711285065,1
Lung9_Rep1_F05,h,140,0.1739709091593109,0.6041666666666666,0.1967036637363632,0.40746300293030346,0.4301957575073557,1
Lung9_Rep1_F05,h,150,0.19700278124667736,0.6382978723404256,0.21923710446681466,0.4190607678736109,0.4412950910937482,1
Lung9_Rep1_F05,h,160,0.22091336648610604,0.6382978723404256,0.2484298526560927,0.3898680196843329,0.4173845058543195,1
Lung9_Rep1_F05,h,170,0.24558471417398298,0.6304347826086957,0.2710215517821796,0.35941323082651605,0.3848500684347127,1
Lung9_Rep1_F05,h,180,0.270898118212758,0.6136363636363636,0.298046269044803,0.3155900945915606,0.34273824542360565,1
Lung9_Rep1_F05,h,190,0.29673505098386643,0.6190476190476191,0.3162530641249715,0.30279455492264756,0.32231256806375264,1
Lung9_Rep1_F05,h,200,0.32297806508180327,0.6,0.3396221613068538,0.2603778386931462,0.2770219349181967,1
Lung9_Rep1_F06,a,0,0,0,0,0,0,1
Lung9_Rep1_F06,a,10,0.006254162338078406,0,1.0282776349614395e-4,-1.0282776349614395e-4,-0.006254162338078406,1
Lung9_Rep1_F06,a,20,0.024782939057955145,0,2.1052777373804527e-4,-2.1052777373804527e-4,-0.024782939057955145,1
Lung9_Rep1_F06,a,30,0.05489969460688249,0.005333333333333333,0.004768112995199125,5.652203381342081e-4,-0.04956636127354915,1
Lung9_Rep1_F06,a,40,0.09550710072402768,0.1320754716981132,0.03142600096684202,0.10064947073127119,0.03656837097408552,1
Lung9_Rep1_F06,a,50,0.14516348466837237,0.3651226158038147,0.07828990438982049,0.28683271141399425,0.21995913113544235,1
Lung9_Rep1_F06,a,60,0.2021677011163736,0.5564738292011019,0.15305264643907648,0.40342118276202543,0.3543061280847283,1
Lung9_Rep1_F06,a,70,0.2646555686073484,0.7270194986072424,0.23128016803670257,0.49573933057053976,0.46236392999989395,1
Lung9_Rep1_F06,a,80,0.3307002741448901,0.8033707865168539,0.30816684516273407,0.4952039413541198,0.4726705123719638,1
Lung9_Rep1_F06,a,90,0.39840927556933137,0.829971181556196,0.38569283791809694,0.44427834363809904,0.4315619059868646,1
Lung9_Rep1_F06,a,100,0.4660110610788367,0.8583815028901735,0.4561407788767359,0.4022407240134376,0.39237044181133673,1
Lung9_Rep1_F06,a,110,0.5319265196898275,0.8852941176470588,0.5269333056452946,0.3583608120017642,0.35336759795723127,1
Lung9_Rep1_F06,a,120,0.594821440575024,0.9161676646706587,0.5906377162475857,0.32552994842307303,0.32134622409563474,1
Lung9_Rep1_F06,a,130,0.6536385721740646,0.9244712990936556,0.6471761417008856,0.27729515739277,0.2708327269195909,1
Lung9_Rep1_F06,a,140,0.7076095176034913,0.9323076923076923,0.699652238994902,0.23265545331279025,0.22469817470420095,1
Lung9_Rep1_F06,a,150,0.756248336911754,0.941358024691358,0.748026819149271,0.19333120554208694,0.18510968777960402,1
Lung9_Rep1_F06,a,160,0.7993299363307013,0.9440993788819876,0.7883122111500892,0.15578716773189838,0.14476944255128632,1
Lung9_Rep1_F06,a,170,0.8368570787183098,0.9467084639498433,0.8258712556048063,0.12083720834503697,0.10985138523153348,1
Lung9_Rep1_F06,a,180,0.8690201387519745,0.9462025316455697,0.8614263025818686,0.08477622906370108,0.07718239289359519,1
Lung9_Rep1_F06,a,190,0.8961535959310015,0.9490445859872612,0.8871547409613445,0.06188984502591666,0.052890990056259635,1
Lung9_Rep1_F06,a,200,0.9186927926827553,0.9514563106796117,0.9122916806659536,0.03916463001365811,0.032763517996856395,1
Lung9_Rep1_F06,b,0,0,0,0,0,0,1
Lung9_Rep1_F06,b,10,0.015951053163947404,0,2.407221664994985e-4,-2.407221664994985e-4,-0.015951053163947404,1
Lung9_Rep1_F06,b,20,0.062293765430670556,0,3.277020050491356e-4,-3.277020050491356e-4,-0.062293765430670556,1
Lung9_Rep1_F06,b,30,0.13473266675796336,0.02258064516129032,0.01168835393992585,0.010892291221364472,-0.11215202159667303,1
Lung9_Rep1_F06,b,40,0.22684385118970773,0.126775956284153,0.07305744165365038,0.05371851463050262,-0.10006789490555473,1
Lung9_Rep1_F06,b,50,0.33101324093923523,0.35777777777777775,0.19954062570569087,0.15823715207208688,0.02676453683854252,1
Lung9_Rep1_F06,b,60,0.43946694053225455,0.6257046223224352,0.3577882011733174,0.2679164211491178,0.18623768179018063,1
Lung9_Rep1_F06,b,70,0.5452022125143449,0.8297142857142857,0.5045694427258538,0.32514484298843194,0.2845120731999409,1
Lung9_Rep1_F06,b,80,0.6426705124877959,0.9122401847575058,0.6239936778647384,0.28824650689276743,0.26956967226970985,1
Lung9_Rep1_F06,b,90,0.728135330810102,0.9428904428904429,0.7200861587485972,0.22280428414184572,0.21475511208034093,1
Lung9_Rep1_F06,b,100,0.7997050091267427,0.9581339712918661,0.7920515453564427,0.16608242593542333,0.15842896216512337,1
Lung9_Rep1_F06,b,110,0.8571037582341051,0.9706959706959707,0.8516254137595856,0.11907055693638513,0.11359221246186557,1
Lung9_Rep1_F06,b,120,0.9012800499135273,0.9778051787916153,0.8979223445203353,0.07988283427128007,0.07652512887808804,1
Lung9_Rep1_F06,b,130,0.9339576605370101,0.9823899371069182,0.9308185282683371,0.051571408838581134,0.04843227656990812,1
Lung9_Rep1_F06,b,140,0.9572167893419801,0.9859514687100894,0.9544326494685622,0.03151881924152722,0.02873467936810936,1
Lung9_Rep1_F06,b,150,0.9731615334272978,0.9871134020618557,0.9701210522926786,0.016992349769177073,0.013951868634557885,1
Lung9_Rep1_F06,b,160,0.9836967035357526,0.9907773386034255,0.981137601408529,0.009639737194896525,0.00708063506767298,1
Lung9_Rep1_F06,b,170,0.9904098244939629,0.9919354838709677,0.9882353763168028,0.003700107554164944,0.0015256593770048843,1
Lung9_Rep1_F06,b,180,0.9945372530151926,0.9918256130790191,0.9925827392654283,-7.571261864092182e-4,-0.0027116399361735155,1
Lung9_Rep1_F06,b,190,0.9969867926463225,0.9917241379310345,0.9955998838218334,-0.003875745890798865,-0.005262654715287973,1
Lung9_Rep1_F06,b,200,0.9983905393868046,0.9929873772791024,0.9970884308773632,-0.004101053598260851,-0.005403162107702197,1
Lung9_Rep1_F06,c,0,0,0,0,0,0,1
Lung9_Rep1_F06,c,10,0.0056128692149968185,0,0,0,-0.0056128692149968185,1
Lung9_Rep1_F06,c,20,0.02226315738059914,0,1.1869436201780416e-4,-1.1869436201780416e-4,-0.02226315738059914,1
Lung9_Rep1_F06,c,30,0.049396397426652916,0.05325443786982249,0.0022575886273344006,0.05099684924248809,0.0038580404431695706,1
Lung9_Rep1_F06,c,40,0.08612263356940153,0.24702380952380953,0.02399229073257773,0.22303151879123181,0.160901175954408,1
Lung9_Rep1_F06,c,50,0.1312648831608303,0.5060240963855421,0.07508986665431489,0.43093422973122725,0.37475921322471184,1
Lung9_Rep1_F06,c,60,0.18342172125909906,0.7103658536585366,0.14050915726618843,0.5698566963923481,0.5269441323994375,1
Lung9_Rep1_F06,c,70,0.24103934990210585,0.8440366972477065,0.21556786574716572,0.6284688315005408,0.6029973473456006,1
Lung9_Rep1_F06,c,80,0.30248799621092315,0.890625,0.2895500116987557,0.6010749883012443,0.5881370037890769,1
Lung9_Rep1_F06,c,90,0.36613743670671806,0.8987341772151899,0.3573298884912939,0.541404288723896,0.5325967405084718,1
Lung9_Rep1_F06,c,100,0.43042684854479885,0.9137380191693291,0.42397009277052067,0.4897679263988084,0.4833111706245302,1
Lung9_Rep1_F06,c,110,0.49392497376668865,0.9255663430420712,0.4861256488554531,0.4394406941866181,0.43164136927538255,1
Lung9_Rep1_F06,c,120,0.5553776462286397,0.933993399339934,0.5514322476199651,0.38256115171996885,0.37861575311129425,1
Lung9_Rep1_F06,c,130,0.6137409475471307,0.9362416107382551,0.6119375468488752,0.3243040638893798,0.32250066319112436,1
Lung9_Rep1_F06,c,140,0.6681994983542903,0.9383561643835616,0.6635470457759605,0.27480911860760115,0.27015666602927135,1
Lung9_Rep1_F06,c,150,0.718170535140993,0.9440559440559441,0.7144174170799247,0.22963852697601939,0.225885408914951,1
Lung9_Rep1_F06,c,160,0.763295374917963,0.9469964664310954,0.7556634338415463,0.19133303258954903,0.1837010915131324,1
Lung9_Rep1_F06,c,170,0.8034205652393909,0.956989247311828,0.7958900528954472,0.16109919441638076,0.15356868207243712,1
Lung9_Rep1_F06,c,180,0.8385714260542014,0.9595588235294118,0.8321246463297751,0.12743417719963668,0.12098739747521037,1
Lung9_Rep1_F06,c,190,0.8689208161311487,0.9662921348314607,0.8613048201629641,0.10498731466849665,0.09737131870031202,1
Lung9_Rep1_F06,c,200,0.8947558324474574,0.9659090909090909,0.8855097968415445,0.08039929406754642,0.07115325846163356,1
Lung9_Rep1_F06,d,0,0,0,0,0,0,1
Lung9_Rep1_F06,d,10,0.006654760502874946,0,9.66183574879227e-5,-9.66183574879227e-5,-0.006654760502874946,1
Lung9_Rep1_F06,d,20,0.026354503872725754,0,9.925558312655087e-5,-9.925558312655087e-5,-0.026354503872725754,1
Lung9_Rep1_F06,d,30,0.058323064680677605,0.015345268542199489,0.005576751344553683,0.009768517197645807,-0.042977796138478117,1
Lung9_Rep1_F06,d,40,0.10132339295481518,0.078125,0.03278914692933694,0.04533585307066306,-0.023198392954815183,1
Lung9_Rep1_F06,d,50,0.15373696683452343,0.2879581151832461,0.08805865862252471,0.1998994565607214,0.13422114834872267,1
Lung9_Rep1_F06,d,60,0.2136647709865661,0.4576719576719577,0.16260138062802137,0.2950705770439363,0.24400718668539156,1
Lung9_Rep1_F06,d,70,0.27904106968390496,0.6451612903225806,0.24632448385027594,0.3988368064723047,0.36612022063867566,1
Lung9_Rep1_F06,d,80,0.34775051054415484,0.7297297297297297,0.32707288002039225,0.40265684970933746,0.38197921918557487,1
Lung9_Rep1_F06,d,90,0.4177394053232696,0.7917808219178082,0.4040480915663254,0.3877327303514828,0.3740414165945386,1
Lung9_Rep1_F06,d,100,0.4871132483348426,0.8384401114206128,0.47479639807648544,0.3636437133441274,0.3513268630857702,1
Lung9_Rep1_F06,d,110,0.554214444722489,0.8651685393258427,0.5455775955760651,0.3195909437497776,0.31095409460335366,1
Lung9_Rep1_F06,d,120,0.6176765534202238,0.8948863636363636,0.6132422503037427,0.28164411333262096,0.2772098102161399,1
Lung9_Rep1_F06,d,130,0.6764538004471194,0.9114285714285715,0.6698737268779539,0.2415548445506176,0.23497477098145203,1
Lung9_Rep1_F06,d,140,0.7298269020090545,0.9219653179190751,0.7206852765175199,0.2012800414015552,0.19213841591002057,1
Lung9_Rep1_F06,d,150,0.7773881226356023,0.9354838709677419,0.7671559520070185,0.1683279189607234,0.15809574833213957,1
Lung9_Rep1_F06,d,160,0.8190098285975507,0.9431137724550899,0.8093606351347484,0.13375313732034144,0.1241039438575392,1
Lung9_Rep1_F06,d,170,0.8548015166422644,0.9515151515151515,0.8472441616913731,0.10427098982377847,0.09671363487288709,1
Lung9_Rep1_F06,d,180,0.8850604219724166,0.9571865443425076,0.8799022754336135,0.07728426890889406,0.07212612237009097,1
Lung9_Rep1_F06,d,190,0.910220424760254,0.9658385093167702,0.903800571440915,0.06203793787585521,0.05561808455651618,1
Lung9_Rep1_F06,d,200,0.9308032138723511,0.9842767295597484,0.9256191744067707,0.05865755515297777,0.05347351568739733,1
Lung9_Rep1_F06,e,0,0,0,0,0,0,1
Lung9_Rep1_F06,e,10,0.013233406490102517,0,9.685230024213076e-5,-9.685230024213076e-5,-0.013233406490102517,1
Lung9_Rep1_F06,e,20,0.05189212690621914,0,1.9789817247201826e-4,-1.9789817247201826e-4,-0.05189212690621914,1
Lung9_Rep1_F06,e,30,0.11298708307189498,0.02103960396039604,0.0089811206113149,0.01205848334908114,-0.09194747911149893,1
Lung9_Rep1_F06,e,40,0.19196343847259134,0.13141426783479349,0.06156129212030629,0.0698529757144872,-0.060549170637797856,1
Lung9_Rep1_F06,e,50,0.28326113257501706,0.3694829760403531,0.16879553425289032,0.20068744178746276,0.08622184346533601,1
Lung9_Rep1_F06,e,60,0.38095848280958977,0.5855513307984791,0.30510360089666655,0.28044772990181255,0.20459284798888933,1
Lung9_Rep1_F06,e,70,0.47939603199336056,0.689171974522293,0.4419562373696766,0.24721573715261635,0.2097759425289324,1
Lung9_Rep1_F06,e,80,0.5736914453809074,0.782051282051282,0.5562403930591898,0.22581088899209223,0.2083598366703746,1
Lung9_Rep1_F06,e,90,0.660085651268186,0.8673602080624188,0.6513237349535892,0.21603647310882956,0.2072745567942328,1
Lung9_Rep1_F06,e,100,0.7360973055573461,0.8973684210526316,0.7278592851403332,0.16950913591229844,0.1612711154952855,1
Lung9_Rep1_F06,e,110,0.8004981039678386,0.9280958721704394,0.794094592092558,0.13400128007788148,0.12759776820260083,1
Lung9_Rep1_F06,e,120,0.8531482564820976,0.9450402144772118,0.8502436215963688,0.09479659288084297,0.09189195799511418,1
Lung9_Rep1_F06,e,130,0.8947456476715945,0.9568733153638814,0.8908590490286953,0.06601426633518614,0.06212766769228695,1
Lung9_Rep1_F06,e,140,0.9265435567929263,0.96875,0.922119589183479,0.04663041081652097,0.042206443207073674,1
Lung9_Rep1_F06,e,150,0.9500829852419808,0.9753424657534246,0.9465612644491052,0.028781201304319493,0.025259480511443888,1
Lung9_Rep1_F06,e,160,0.966970941788636,0.977961432506887,0.9638286784001073,0.014132754106779721,0.01099049071825109,1
Lung9_Rep1_F06,e,170,0.9787199495876089,0.981994459833795,0.9756751007980901,0.006319359035704908,0.0032745102461860798,1
Lung9_Rep1_F06,e,180,0.9866501006622871,0.9846582984658299,0.9840878416781088,5.70456787721052e-4,-0.0019918021964572263,1
Lung9_Rep1_F06,e,190,0.9918452208092317,0.9873239436619718,0.9898066694228751,-0.0024827257609032483,-0.004521277147259806,1
Lung9_Rep1_F06,e,200,0.9951496252149069,0.9914407988587732,0.9936166164195923,-0.002175817560819082,-0.0037088263561336765,1
Lung9_Rep1_F06,f,0,0,0,0,0,0,1
Lung9_Rep1_F06,f,10,0.0068950418829297755,0,0,0,-0.0068950418829297755,1
Lung9_Rep1_F06,f,20,0.02729622686147437,0,0,0,-0.02729622686147437,1
Lung9_Rep1_F06,f,30,0.06037113173548614,0.014388489208633094,0.0047060743800238876,0.009682414828609206,-0.045982642526853044,1
Lung9_Rep1_F06,f,40,0.10479520021816546,0.10869565217391304,0.03164240669719332,0.07705324547671971,0.0039004519557475775,1
Lung9_Rep1_F06,f,50,0.158839727116034,0.30170316301703165,0.09100651695852753,0.21069664605850413,0.14286343590099765,1
Lung9_Rep1_F06,f,60,0.22048333428190026,0.4485294117647059,0.1719910443863987,0.27653836737830717,0.22804607748280564,1
Lung9_Rep1_F06,f,70,0.28753693263223046,0.5851851851851851,0.2590256841859175,0.32615950099926766,0.2976482525529547,1
Lung9_Rep1_F06,f,80,0.35777144967216046,0.6733167082294265,0.34271029811915354,0.3306064101102729,0.315545258557266,1
Lung9_Rep1_F06,f,90,0.429038058596365,0.7343358395989975,0.417763656882142,0.3165721827168555,0.3052977810026325,1
Lung9_Rep1_F06,f,100,0.49937214181947376,0.7808564231738035,0.4908248953273874,0.29003152784641617,0.2814842813543298,1
Lung9_Rep1_F06,f,110,0.5670745015805797,0.8253164556962025,0.5581183934277333,0.2671980622684692,0.2582419541156228,1
Lung9_Rep1_F06,f,120,0.6307660565754631,0.8578680203045685,0.6226224735474863,0.2352455467570822,0.2271019637291054,1
Lung9_Rep1_F06,f,130,0.6894150753909938,0.8894601542416453,0.6812733059352425,0.20818684830640277,0.20004507885065148,1
Lung9_Rep1_F06,f,140,0.7423385625638687,0.9093264248704663,0.7350166839266166,0.17430974094384977,0.16698786230659768,1
Lung9_Rep1_F06,f,150,0.7891814708302065,0.9270833333333334,0.7848718794439515,0.14221145388938183,0.13790186250312686,1
Lung9_Rep1_F06,f,160,0.8298788017383091,0.9424083769633508,0.8235321695461831,0.11887620741716765,0.1125295752250417,1
Lung9_Rep1_F06,f,170,0.8646063216290362,0.9497354497354498,0.8585991119403239,0.09113633779512587,0.0851291281064136,1
Lung9_Rep1_F06,f,180,0.8937256048714632,0.955026455026455,0.8888225365121337,0.06620391851432128,0.06130085015499176,1
Lung9_Rep1_F06,f,190,0.9177285414833563,0.9571045576407506,0.9120356283323022,0.04506892930844841,0.03937601615739439,1
Lung9_Rep1_F06,f,200,0.9371854791057284,0.9595687331536388,0.9319430368871521,0.0276256962664867,0.022383254047910417,1
Lung9_Rep1_F06,g,0,0,0,0,0,0,1
Lung9_Rep1_F06,g,10,0.0023197407641718515,0,0,0,-0.0023197407641718515,1
Lung9_Rep1_F06,g,20,0.009246725776382525,0,0,0,-0.009246725776382525,1
Lung9_Rep1_F06,g,30,0.0206849887082462,0,0.0018841790873417238,-0.0018841790873417238,-0.0206849887082462,1
Lung9_Rep1_F06,g,40,0.03647704662132789,0.04411764705882353,0.009831313195141527,0.034286333863682,0.007640600437495641,1
Lung9_Rep1_F06,g,50,0.056407508032101816,0.27205882352941174,0.026359932078103214,0.24569889145130852,0.21565131549730993,1
Lung9_Rep1_F06,g,60,0.08020796105584904,0.45185185185185184,0.05972602322574082,0.392125828626111,0.3716438907960028,1
Lung9_Rep1_F06,g,70,0.10756298658233121,0.6194029850746269,0.09306628232573184,0.526336702748895,0.5118399984922957,1
Lung9_Rep1_F06,g,80,0.13811710824943002,0.7045454545454546,0.12860991684624348,0.5759355376992111,0.5664283462960246,1
Lung9_Rep1_F06,g,90,0.171482465355552,0.7878787878787878,0.16560003580468913,0.6222787520740987,0.6163963225232358,1
Lung9_Rep1_F06,g,100,0.20724697766566225,0.8244274809160306,0.19869660644168974,0.6257308744743408,0.6171805032503683,1
Lung9_Rep1_F06,g,110,0.24498276279155085,0.8549618320610687,0.23692160316357835,0.6180402288974903,0.6099790692695178,1
Lung9_Rep1_F06,g,120,0.2842545675180921,0.8671875,0.2724011845762579,0.594786315423742,0.5829329324819079,1
Lung9_Rep1_F06,g,130,0.32462798374975543,0.889763779527559,0.3152143661252329,0.5745494134023261,0.5651357957778036,1
Lung9_Rep1_F06,g,140,0.36567723693600296,0.889763779527559,0.3567744177041374,0.5329893618234216,0.5240865425915561,1
Lung9_Rep1_F06,g,150,0.4069923588470654,0.9047619047619048,0.4031132520149782,0.5016486527469266,0.49776954591483935,1
Lung9_Rep1_F06,g,160,0.4481855861024244,0.928,0.44652238832973984,0.4814776116702602,0.4798144138975756,1
Lung9_Rep1_F06,g,170,0.4888968594129244,0.9354838709677419,0.4840789254688278,0.4514049454989141,0.4465870115548175,1
Lung9_Rep1_F06,g,180,0.5287983344970418,0.9349593495934959,0.5297608827394281,0.4051984668540678,0.4061610150964541,1
Lung9_Rep1_F06,g,190,0.5675978524727386,0.9338842975206612,0.5600713321119434,0.3738129654087178,0.3662864450479225,1
Lung9_Rep1_F06,g,200,0.6050413536751292,0.95,0.5997619991679213,0.3502380008320787,0.3449586463248707,1
Lung9_Rep1_F06,h,0,0,0,0,0,0,1
Lung9_Rep1_F06,h,10,0.007471480084358384,0,0,0,-0.007471480084358384,1
Lung9_Rep1_F06,h,20,0.02955264745548758,0,8.830022075055188e-5,-8.830022075055188e-5,-0.02955264745548758,1
Lung9_Rep1_F06,h,30,0.06526833727406078,0.048034934497816595,0.0038867230455250927,0.0441482114522915,-0.01723340277624419,1
Lung9_Rep1_F06,h,40,0.11307291351544946,0.2324561403508772,0.0326243305752323,0.1998318097756449,0.11938322683542774,1
Lung9_Rep1_F06,h,50,0.17096116973362319,0.45253863134657835,0.09627440617586369,0.35626422517071465,0.28157746161295516,1
Lung9_Rep1_F06,h,60,0.23660762771016886,0.6044444444444445,0.18065482021306206,0.4237896242313824,0.3678368167342756,1
Lung9_Rep1_F06,h,70,0.30752077315837856,0.6711711711711712,0.2778384505705596,0.3933327206006116,0.36365039801279264,1
Lung9_Rep1_F06,h,80,0.3811980504440169,0.7351598173515982,0.36104377726592624,0.37411604008567195,0.3539617669075813,1
Lung9_Rep1_F06,h,90,0.45526837869774484,0.7785388127853882,0.4458850918915672,0.33265372089382095,0.32327043408764333,1
Lung9_Rep1_F06,h,100,0.5276113117508856,0.8073394495412844,0.51781260373594,0.2895268458053445,0.27972813779039885,1
Lung9_Rep1_F06,h,110,0.5964453254364969,0.8313817330210773,0.5880301383309425,0.2433515946901348,0.23493640758458045,1
Lung9_Rep1_F06,h,120,0.660381558330156,0.8588235294117647,0.6560407711164483,0.20278275829531633,0.19844197108160866,1
Lung9_Rep1_F06,h,130,0.7184431243811427,0.8723404255319149,0.7150657530787976,0.15727467245311733,0.15389730115077227,1
Lung9_Rep1_F06,h,140,0.7700533963015954,0.8833333333333333,0.76467812467013,0.11865520866320334,0.11327993703173789,1
Lung9_Rep1_F06,h,150,0.8149990956450405,0.90625,0.8080533225659049,0.0981966774340951,0.09125090435495953,1
Lung9_Rep1_F06,h,160,0.8533754496941417,0.9150485436893204,0.844255509715234,0.07079303397408643,0.06167309399517873,1
Lung9_Rep1_F06,h,170,0.8855210797155311,0.9262899262899262,0.8765655112897569,0.04972441500016933,0.04076884657439517,1
Lung9_Rep1_F06,h,180,0.9119498001522748,0.9382716049382716,0.9026797389744722,0.035591865963799374,0.026321804785996772,1
Lung9_Rep1_F06,h,190,0.9332853584208003,0.9600997506234414,0.9267284836451698,0.03337126697827164,0.026814392202641146,1
Lung9_Rep1_F06,h,200,0.9502035987145827,0.9596977329974811,0.9421739538583944,0.017523779139086648,0.009494134282898359,1
